MappingCode,Level1,Level2,Level3,Level4
SEGDISPFAMHDDHDDHDD1PK,Shaving,Schick,Hydro,Disposable
SEGDISPFAMHDDHDDHDD3PK,Shaving,Schick,Hydro,Disposable
SEGDISPFAMHDDHDDHDD4PK,Shaving,Schick,Hydro,Disposable
SEGDISPFAMHDDHDDHDD6PK,Shaving,Schick,Hydro,Disposable
SEGDISPFAMHDDHDDHDDOTH,Shaving,Schick,Hydro,Disposable
SEGDISPFAMODIDUPDUPD,Shaving,Schick,Double Edge,Double Edge
SEGDISPFAMODIODRODRD,Shaving,Schick,Other,Disposable
SEGDISPFAMODIPROPROD,Shaving,Schick,Other,Disposable
SEGDISPFAMQTDQUDQUD1PK,Shaving,Schick,Quattro,Disposable
SEGDISPFAMQTDQUDQUD3PK,Shaving,Schick,Quattro,Disposable
SEGDISPFAMQTDQUDQUD4PK,Shaving,Schick,Quattro,Disposable
SEGDISPFAMQTDQUDQUDOTH,Shaving,Schick,Quattro,Disposable
SEGDISPFAMSTDSTRSTR10PK,Shaving,Schick,Exacta 2 Slim Twin,Disposable
SEGDISPFAMSTDSTRSTR12PK,Shaving,Schick,Exacta 2 Slim Twin,Disposable
SEGDISPFAMSTDSTRSTR15PK,Shaving,Schick,Exacta 2 Slim Twin,Disposable
SEGDISPFAMSTDSTRSTR18PK,Shaving,Schick,Exacta 2 Slim Twin,Disposable
SEGDISPFAMSTDSTRSTR1PK,Shaving,Schick,Exacta 2 Slim Twin,Disposable
SEGDISPFAMSTDSTRSTR24PK,Shaving,Schick,Exacta 2 Slim Twin,Disposable
SEGDISPFAMSTDSTRSTR2PK,Shaving,Schick,Exacta 2 Slim Twin,Disposable
SEGDISPFAMSTDSTRSTR3PK,Shaving,Schick,Exacta 2 Slim Twin,Disposable
SEGDISPFAMSTDSTRSTR4PK,Shaving,Schick,Exacta 2 Slim Twin,Disposable
SEGDISPFAMSTDSTRSTR5PK,Shaving,Schick,Exacta 2 Slim Twin,Disposable
SEGDISPFAMSTDSTRSTR6PK,Shaving,Schick,Exacta 2 Slim Twin,Disposable
SEGDISPFAMSTDSTRSTR7PK,Shaving,Schick,Exacta 2 Slim Twin,Disposable
SEGDISPFAMSTDSTRSTR8PK,Shaving,Schick,Exacta 2 Slim Twin,Disposable
SEGDISPFAMSTDSTRSTROTH,Shaving,Schick,Exacta 2 Slim Twin,Disposable
SEGDISPFAMX3DDXRDXR10PK,Shaving,Schick,Xtreme 3,Disposable
SEGDISPFAMX3DDXRDXR16PK,Shaving,Schick,Xtreme 3,Disposable
SEGDISPFAMX3DDXRDXR1PK,Shaving,Schick,Xtreme 3,Disposable
SEGDISPFAMX3DDXRDXR20PK,Shaving,Schick,Xtreme 3,Disposable
SEGDISPFAMX3DDXRDXR22PK,Shaving,Schick,Xtreme 3,Disposable
SEGDISPFAMX3DDXRDXR24PK,Shaving,Schick,Xtreme 3,Disposable
SEGDISPFAMX3DDXRDXR3PK,Shaving,Schick,Xtreme 3,Disposable
SEGDISPFAMX3DDXRDXR4PK,Shaving,Schick,Xtreme 3,Disposable
SEGDISPFAMX3DDXRDXR6PK,Shaving,Schick,Xtreme 3,Disposable
SEGDISPFAMX3DDXRDXR8PK,Shaving,Schick,Xtreme 3,Disposable
SEGDISPFAMX3DDXRDXROTH,Shaving,Schick,Xtreme 3,Disposable
SEGDISPFAMX3DDXRDXRU4PK,Shaving,Schick,Xtreme 3,Disposable
SEGMENSFAMHYDMTRMTRZ,Shaving,Schick,Hydro,Mens System
SEGMENSFAMHYDMTRMTRZSP,Shaving,Schick,Hydro,Mens System
SEGMENSFAMHYDSRBSRB34PK,Shaving,Schick,Hydro,Mens System
SEGMENSFAMHYDSRBSRB35PK,Shaving,Schick,Hydro,Mens System
SEGMENSFAMHYDSRBSRB38PK,Shaving,Schick,Hydro,Mens System
SEGMENSFAMHYDSRBSRB3OTH,Shaving,Schick,Hydro,Mens System
SEGMENSFAMHYDSRBSRB510PK,Shaving,Schick,Hydro,Mens System
SEGMENSFAMHYDSRBSRB512PK,Shaving,Schick,Hydro,Mens System
SEGMENSFAMHYDSRBSRB515PK,Shaving,Schick,Hydro,Mens System
SEGMENSFAMHYDSRBSRB52PK,Shaving,Schick,Hydro,Mens System
SEGMENSFAMHYDSRBSRB54PK,Shaving,Schick,Hydro,Mens System
SEGMENSFAMHYDSRBSRB55PK,Shaving,Schick,Hydro,Mens System
SEGMENSFAMHYDSRBSRB56PK,Shaving,Schick,Hydro,Mens System
SEGMENSFAMHYDSRBSRB58PK,Shaving,Schick,Hydro,Mens System
SEGMENSFAMHYDSRBSRB5OTH,Shaving,Schick,Hydro,Mens System
SEGMENSFAMHYDSRRSAR,Shaving,Schick,Hydro,Mens System
SEGMENSFAMHYDSRRSARSP,Shaving,Schick,Hydro,Mens System
SEGMENSFAMHYDSRRSRB3OTH,Shaving,Schick,Hydro,Mens System
SEGMENSFAMHYDSRRSRRZ,Shaving,Schick,Hydro,Mens System
SEGMENSFAMHYDSRRSRRZSP,Shaving,Schick,Hydro,Mens System
SEGMENSFAMOMSEBLEBL16PK,Shaving,Edge,Edge,Mens System
SEGMENSFAMOMSEBLEBL4PK,Shaving,Edge,Edge,Mens System
SEGMENSFAMOMSERZERZZ,Shaving,Edge,Edge,Mens System
SEGMENSFAMOMSERZERZZSP,Shaving,Edge,Edge,Mens System
SEGMENSFAMOMSOMBOMBL,Shaving,Schick,Other,Mens System
SEGMENSFAMOMSOMROMRZ,Shaving,Schick,Other,Mens System
SEGMENSFAMOMSX3BX3BL,Shaving,Schick,Xtreme 3,Mens System
SEGMENSFAMOMSX3RX3RZ,Shaving,Schick,Xtreme 3,Mens System
SEGMENSFAMQUAQCRQCRT,Shaving,Schick,Quattro,Mens System
SEGMENSFAMQUAQCRQCRTSP,Shaving,Schick,Quattro,Mens System
SEGMENSFAMQUAQSBQSB16PK,Shaving,Schick,Quattro,Mens System
SEGMENSFAMQUAQSBQSB4PK,Shaving,Schick,Quattro,Mens System
SEGMENSFAMQUAQSBQSB6PK,Shaving,Schick,Quattro,Mens System
SEGMENSFAMQUAQSBQSB8PK,Shaving,Schick,Quattro,Mens System
SEGMENSFAMQUAQSBQSBFMB,Shaving,Schick,Quattro,Mens System
SEGMENSFAMQUAQSBQSBT12PK,Shaving,Schick,Quattro,Mens System
SEGMENSFAMQUAQSBQSBT4PK,Shaving,Schick,Quattro,Mens System
SEGMENSFAMQUAQSBQSBT6PK,Shaving,Schick,Quattro,Mens System
SEGMENSFAMQUAQSBQSBT8PK,Shaving,Schick,Quattro,Mens System
SEGMENSFAMQUAQSBQSBTOTH,Shaving,Schick,Quattro,Mens System
SEGMENSFAMQUAQSBQUBOTH,Shaving,Schick,Quattro,Mens System
SEGMENSFAMQUAQSRQSRPR,Shaving,Schick,Quattro,Mens System
SEGMENSFAMQUAQSRQSRPRSP,Shaving,Schick,Quattro,Mens System
SEGMENSFAMQUAQSRQSRR,Shaving,Schick,Quattro,Mens System
SEGMENSFAMQUAQSRQSRRSP,Shaving,Schick,Quattro,Mens System
SEGMENSFAMQUAQSRQSRZT,Shaving,Schick,Quattro,Mens System
SEGMENSFAMQUAQSRQSRZTSP,Shaving,Schick,Quattro,Mens System
SEGTOILFAMESPEDCEDC7OZ,Shaving,Edge,Edge,Shave Prep
SEGTOILFAMESPEDCEDC84OZ,Shaving,Edge,Edge,Shave Prep
SEGTOILFAMESPEDCEDC95OZ,Shaving,Edge,Edge,Shave Prep
SEGTOILFAMESPEDCEDCAO,Shaving,Edge,Edge,Shave Prep
SEGTOILFAMESPEDCEDCB,Shaving,Edge,Edge,Shave Prep
SEGTOILFAMESPEDCEDCTR,Shaving,Edge,Edge,Shave Prep
SEGTOILFAMESPEDCEDCTRIAL,Shaving,Edge,Edge,Shave Prep
SEGTOILFAMESPEDCEDCTW,Shaving,Edge,Edge,Shave Prep
SEGTOILFAMJUPJPGJPGGEL,Shaving,Schick,Hydro,Shave Prep
SEGTOILFAMJUPJPGJPGTRIAL,Shaving,Schick,Hydro,Shave Prep
SEGTOILFAMSHPLSPLSPREP,Shaving,Schick,Protect,Shave Prep
SEGTOILFAMSKISKSSKS10OZC,Shaving,Skintimate,Skintimate,Shave Prep
SEGTOILFAMSKISKSSKS7OZ,Shaving,Skintimate,Skintimate,Shave Prep
SEGTOILFAMSKISKSSKS84OZ,Shaving,Skintimate,Skintimate,Shave Prep
SEGTOILFAMSKISKSSKS95OZ,Shaving,Skintimate,Skintimate,Shave Prep
SEGTOILFAMSKISKSSKSAO,Shaving,Skintimate,Skintimate,Shave Prep
SEGTOILFAMSKISKSSKSCREME,Shaving,Skintimate,Skintimate,Shave Prep
SEGTOILFAMSKISKSSKSQU,Shaving,Skintimate,Skintimate,Shave Prep
SEGTOILFAMSKISKSSKSTR,Shaving,Skintimate,Skintimate,Shave Prep
SEGTOILFAMSKISKSSKSTRIAL,Shaving,Skintimate,Skintimate,Shave Prep
SEGTOILFAMSKISKSSKSTW,Shaving,Skintimate,Skintimate,Shave Prep
SEGWMNSFAM3OROWBOWB2PK,Shaving,Schick,Hydro,Womens System
SEGWMNSFAM3OROWBOWB3PK,Shaving,Schick,Hydro,Womens System
SEGWMNSFAM3OROWBOWB4PK,Shaving,Schick,Hydro,Womens System
SEGWMNSFAM3OROWBOWB5PK,Shaving,Schick,Hydro,Womens System
SEGWMNSFAM3OROWBOWB6PK,Shaving,Schick,Hydro,Womens System
SEGWMNSFAM3OROWBOWBOTH,Shaving,Schick,Hydro,Womens System
SEGWMNSFAM3OROWROWRZ,Shaving,Schick,Hydro,Womens System
SEGWMNSFAM3OROWROWRZSP,Shaving,Schick,Hydro,Womens System
SEGWMNSFAM3OROWTOWTT,Shaving,Schick,Hydro,Womens System
SEGWMNSFAMINTIPBIPB12PK,Shaving,Schick,Intuition,Womens System
SEGWMNSFAMINTIPBIPB2PK,Shaving,Schick,Intuition,Womens System
SEGWMNSFAMINTIPBIPB3PK,Shaving,Schick,Intuition,Womens System
SEGWMNSFAMINTIPBIPB4PK,Shaving,Schick,Intuition,Womens System
SEGWMNSFAMINTIPBIPB6PK,Shaving,Schick,Intuition,Womens System
SEGWMNSFAMINTIPBIPBOTH,Shaving,Schick,Intuition,Womens System
SEGWMNSFAMINTIPRIPRZ,Shaving,Schick,Intuition,Womens System
SEGWMNSFAMINTIPRIPRZSP,Shaving,Schick,Intuition,Womens System
SEGWMNSFAMOFSLPBLPBL,Shaving,Schick,Lady Protect,Womens System
SEGWMNSFAMOFSLPRLPRZ,Shaving,Schick,Lady Protect,Womens System
SEGWMNSFAMQFWSEBSEB12PK,Shaving,Schick,Quattro,Womens System
SEGWMNSFAMQFWSEBSEB4PK,Shaving,Schick,Quattro,Womens System
SEGWMNSFAMQFWSEBSEB6PK,Shaving,Schick,Quattro,Womens System
SEGWMNSFAMQFWSEBSEB8PK,Shaving,Schick,Quattro,Womens System
SEGWMNSFAMQFWSEBSEBOTH,Shaving,Schick,Quattro,Womens System
SEGWMNSFAMQFWSEBSERZ,Shaving,Schick,Quattro,Womens System
SEGWMNSFAMQFWSERSERZ,Shaving,Schick,Quattro,Womens System
SEGWMNSFAMQFWSERSERZSP,Shaving,Schick,Quattro,Womens System
SEGWMNSFAMQFWTWRTWRT,Shaving,Schick,Quattro,Womens System
SEGFEMIFAMCARECRFCRF1,Feminine Care,Carefree,Carefree,Liners
SEGFEMIFAMCARECRFCRF2,Feminine Care,Carefree,Carefree,Liners
SEGFEMIFAMCARECRFCRF3,Feminine Care,Carefree,Carefree,Liners
SEGFEMIFAMGGTGGTGGT1X,Feminine Care,Playtex,Gentle Glide,Tampons
SEGFEMIFAMGGTGGTGGT2X,Feminine Care,Playtex,Gentle Glide,Tampons
SEGFEMIFAMGGTGGTGGT3X,Feminine Care,Playtex,Gentle Glide,Tampons
SEGFEMIFAMGGTGGTGGTB,Feminine Care,Playtex,Gentle Glide,Tampons
SEGFEMIFAMGGTGGTGGTOT,Feminine Care,Playtex,Gentle Glide,Tampons
SEGFEMIFAMOBTOBTOB1,Feminine Care,o.b.,o.b.,Tampons
SEGFEMIFAMOBTOBTOB2,Feminine Care,o.b.,o.b.,Tampons
SEGFEMIFAMOBTOBTOBO,Feminine Care,o.b.,o.b.,Tampons
SEGFEMIFAMSPOSPOSPO1X,Feminine Care,Playtex,Sport,Liners
SEGFEMIFAMSPOSPOSPO2X,Feminine Care,Playtex,Sport,Liners
SEGFEMIFAMSPRSPRSPOTLC,Feminine Care,Playtex,Sport,Combo
SEGFEMIFAMSPRSPRSPR1X,Feminine Care,Playtex,Sport,Pads
SEGFEMIFAMSPRSPRSPR2X,Feminine Care,Playtex,Sport,Pads
SEGFEMIFAMSPRSPRSPRTPC,Feminine Care,Playtex,Sport,Combo
SEGFEMIFAMSPTSPTSPT1X,Feminine Care,Playtex,Sport,Tampons
SEGFEMIFAMSPTSPTSPT2X,Feminine Care,Playtex,Sport,Tampons
SEGFEMIFAMSPTSPTSPT3X,Feminine Care,Playtex,Sport,Tampons
SEGFEMIFAMSPTSPTSPTBO,Feminine Care,Playtex,Sport,Tampons
SEGFEMIFAMSPTSPTSPTOT,Feminine Care,Playtex,Sport,Tampons
SEGFEMIFAMSPTSPTSPTTLC,Feminine Care,Playtex,Sport,Combo
SEGFEMIFAMSPTSPTSPTTPC,Feminine Care,Playtex,Sport,Combo
SEGFEMIFAMSTAYSTFSTF_DEFAULT,Feminine Care,Stayfree,Stayfree,Pads
SEGFEMIFAMSTAYSTFSTF1,Feminine Care,Stayfree,Stayfree,Pads
SEGFEMIFAMSTAYSTFSTF2,Feminine Care,Stayfree,Stayfree,Pads
SEGFEMIFAMSTAYSTFSTF3,Feminine Care,Stayfree,Stayfree,Pads
SEGINFAFAMBOTBOTBOTNWDB,Infant Care,Playtex,Drop-ins,
SEGINFAFAMBOTBOTBOTNWDGS,Infant Care,Playtex,Drop-ins,
SEGINFAFAMBOTBOTBOTVAB,Infant Care,Playtex,VentAire,
SEGINFAFAMBOTBOTBOTVAGS,Infant Care,Playtex,VentAire,
SEGINFAFAMBOTBOTNIPVAN,Infant Care,Playtex,VentAire,
SEGINFAFAMBOTBTOBTOVAT,Infant Care,Playtex,VentAire,
SEGINFAFAMBOTNIPNIPNWDN,Infant Care,Playtex,Drop-ins / VentAire,
SEGINFAFAMBOTNIPNIPVAN,Infant Care,Playtex,Drop-ins / VentAire,
SEGINFAFAMBOTRBTRBTVAGS,Infant Care,Playtex,VentAire,
SEGINFAFAMBOTREFREFNWDR,Infant Care,Playtex,Drop-ins,
SEGINFAFAMCAMCAMCAMC,Infant Care,Playtex,Cups & Mealtime,
SEGINFAFAMCAMCAMCAMM,Infant Care,Playtex,Cups & Mealtime,
SEGINFAFAMCAMCAMCAMRV,Infant Care,Playtex,Cups & Mealtime,
SEGINFAFAMDIPDGADGAS,Infant Care,Playtex,Diaper Genie,
SEGINFAFAMDIPDGPDGPE,Infant Care,Playtex,Diaper Genie,
SEGINFAFAMDIPDGPDGPEL,Infant Care,Playtex,Diaper Genie,
SEGINFAFAMDIPDGPDGPM,Infant Care,Playtex,Diaper Genie,
SEGINFAFAMDIPDGRDGRF,Infant Care,Playtex,Diaper Genie,
SEGINFAFAMDIPDPGDPGR,Infant Care,Playtex,Diaper Genie,
SEGINFAFAMIACIFAIFAC,Infant Care,Playtex,Accessories,
SEGINFAFAMSTHSTHSTHBINK,Infant Care,Playtex,Binky,
SEGINFAFAMSTHSTHSTHHOLD,Infant Care,Playtex,Holder,
SEGINFAFAMSTHSTHSTHORP,Infant Care,Playtex,Ortho Pro,
SEGSKINFAMCLNCLCCLCPCC,Skin Care,Personal Cleansing Clothes,,
SEGSKINFAMGLVGLOGLOHS,Skin Care,Playtex,Playtex,Gloves
SEGSKINFAMGLVGLOGLOL,Skin Care,Playtex,Playtex,Gloves
SEGSKINFAMGLVGLOGLOOT,Skin Care,Playtex,Playtex,Gloves
SEGSKINFAMWETWOHWOH_DEFAULT,Skin Care,Wet Ones,,
SEGSKINFAMWETWOHWOHB,Skin Care,Wet Ones,,
SEGSKINFAMWETWOHWOHBIGO,Skin Care,Wet Ones,,
SEGSKINFAMWETWOHWOHBULK,Skin Care,Wet Ones,,
SEGSKINFAMWETWOHWOHC,Skin Care,Wet Ones,,
SEGSKINFAMWETWOHWOHOTH,Skin Care,Wet Ones,,
SEGSKINFAMWETWOHWOHS,Skin Care,Wet Ones,,
SEGSKINFAMWETWOHWOHTR,Skin Care,Wet Ones,,
SEGSUNFAMBBTBBTBBT_DEFAULT,Sun Care,Banana Boat,,
SEGSUNFAMBBTBBTBBTAFTER,Sun Care,Banana Boat,,
SEGSUNFAMBBTBBTBBTF2OZ,Sun Care,Banana Boat,,
SEGSUNFAMBBTBBTBBTFACE,Sun Care,Banana Boat,,
SEGSUNFAMBBTBBTBBTL014,Sun Care,Banana Boat,,
SEGSUNFAMBBTBBTBBTL50P,Sun Care,Banana Boat,,
SEGSUNFAMBBTBBTBBTLCL,Sun Care,Banana Boat,,
SEGSUNFAMBBTBBTBBTLIP,Sun Care,Banana Boat,,
SEGSUNFAMBBTBBTBBTLO15,Sun Care,Banana Boat,,
SEGSUNFAMBBTBBTBBTLO30,Sun Care,Banana Boat,,
SEGSUNFAMBBTBBTBBTLO50,Sun Care,Banana Boat,,
SEGSUNFAMBBTBBTBBTLOB,Sun Care,Banana Boat,,
SEGSUNFAMBBTBBTBBTLOFA,Sun Care,Banana Boat,,
SEGSUNFAMBBTBBTBBTLOTP,Sun Care,Banana Boat,,
SEGSUNFAMBBTBBTBBTS014,Sun Care,Banana Boat,,
SEGSUNFAMBBTBBTBBTS15,Sun Care,Banana Boat,,
SEGSUNFAMBBTBBTBBTS30,Sun Care,Banana Boat,,
SEGSUNFAMBBTBBTBBTS50,Sun Care,Banana Boat,,
SEGSUNFAMBBTBBTBBTS50P,Sun Care,Banana Boat,,
SEGSUNFAMBBTBBTBBTSCL,Sun Care,Banana Boat,,
SEGSUNFAMBBTBBTBBTSFA,Sun Care,Banana Boat,,
SEGSUNFAMBBTBBTBBTSPRB,Sun Care,Banana Boat,,
SEGSUNFAMBBTBBTBBTSPTP,Sun Care,Banana Boat,,
SEGSUNFAMBBTBBTBBTSTIC,Sun Care,Banana Boat,,
SEGSUNFAMBBTBBTBBTSU,Sun Care,Banana Boat,,
SEGSUNFAMBBTBBTBBTTRIAL,Sun Care,Banana Boat,,
SEGSUNFAMHTRHTRHTR_DEFAULT,Sun Care,Hawaiian Tropic,,
SEGSUNFAMHTRHTRHTRAFTER,Sun Care,Hawaiian Tropic,,
SEGSUNFAMHTRHTRHTRF2OZ,Sun Care,Hawaiian Tropic,,
SEGSUNFAMHTRHTRHTRFACE,Sun Care,Hawaiian Tropic,,
SEGSUNFAMHTRHTRHTRL014,Sun Care,Hawaiian Tropic,,
SEGSUNFAMHTRHTRHTRL1549,Sun Care,Hawaiian Tropic,,
SEGSUNFAMHTRHTRHTRL50P,Sun Care,Hawaiian Tropic,,
SEGSUNFAMHTRHTRHTRLCL,Sun Care,Hawaiian Tropic,,
SEGSUNFAMHTRHTRHTRLIP,Sun Care,Hawaiian Tropic,,
SEGSUNFAMHTRHTRHTRLOB,Sun Care,Hawaiian Tropic,,
SEGSUNFAMHTRHTRHTRLOFA,Sun Care,Hawaiian Tropic,,
SEGSUNFAMHTRHTRHTRLOTP,Sun Care,Hawaiian Tropic,,
SEGSUNFAMHTRHTRHTROS0,Sun Care,Hawaiian Tropic,,
SEGSUNFAMHTRHTRHTROS10,Sun Care,Hawaiian Tropic,,
SEGSUNFAMHTRHTRHTROS15,Sun Care,Hawaiian Tropic,,
SEGSUNFAMHTRHTRHTROS2,Sun Care,Hawaiian Tropic,,
SEGSUNFAMHTRHTRHTROS20,Sun Care,Hawaiian Tropic,,
SEGSUNFAMHTRHTRHTROS4,Sun Care,Hawaiian Tropic,,
SEGSUNFAMHTRHTRHTROS6,Sun Care,Hawaiian Tropic,,
SEGSUNFAMHTRHTRHTROS8,Sun Care,Hawaiian Tropic,,
SEGSUNFAMHTRHTRHTRS014,Sun Care,Hawaiian Tropic,,
SEGSUNFAMHTRHTRHTRS1549,Sun Care,Hawaiian Tropic,,
SEGSUNFAMHTRHTRHTRS50P,Sun Care,Hawaiian Tropic,,
SEGSUNFAMHTRHTRHTRSCL,Sun Care,Hawaiian Tropic,,
SEGSUNFAMHTRHTRHTRSHST,Sun Care,Hawaiian Tropic,,
SEGSUNFAMHTRHTRHTRSPRB,Sun Care,Hawaiian Tropic,,
SEGSUNFAMHTRHTRHTRSTIC,Sun Care,Hawaiian Tropic,,
SEGSUNFAMHTRHTRHTRSTP,Sun Care,Hawaiian Tropic,,
SEGSUNFAMHTRHTRHTRSU,Sun Care,Hawaiian Tropic,,
SEGSUNFAMHTRHTRHTRTRIAL,Sun Care,Hawaiian Tropic,,
