Eveready Batteries,Eveready Silver,,AAA,"SEGPRICFAMBVAOBAOBACNAAA"
Energizer Batteries,Energizer Max,,Other,"SEGPREMFAMPABPRAPRAUMOTH"
Rechargeable,Chargers,,,"SEGPERFFAMRECCHACHACHARGER"
Eveready Batteries,Extra Duration/Super Heavy Duty,,C,"SEGPRICFAMCAZBCZBCZBKC"
Eveready Batteries,Extra Duration/Super Heavy Duty,,D,"SEGPRICFAMCAZBCZBCZBKD"
Specialty Batteries,Electronic Batteries,,,"SEGSPECFAMMBAMREMREL"
Eveready Batteries,Eveready Gold,,D,"SEGPRICFAMBVAEVEEVED"
Specialty Batteries,Photo Batteries,,,"SEGSPECFAMSPBPHOPHOSP"
Eveready Batteries,Heavy Duty,,AAA,"SEGPRICFAMCAZBCZBCZRAAA"
Eveready Batteries,Eveready Gold,,C,"SEGPRICFAMBVAEVEEVEC"
Eveready Batteries,General Purpose,,D,"SEGPRICFAMCAZBCZBCZBD"
Energizer Batteries,Advanced Lithium,,AA,"SEGPERFFAMLIMLIALIAAA"
Eveready Batteries,General Purpose,,C,"SEGPRICFAMCAZBCZBCZBC"
Energizer Batteries,Ultimate Lithium,,AAA,"SEGPERFFAMLIMLITLITAAA"
Energizer Batteries,Energizer Max,,AAA,"SEGPREMFAMPABPRAPRAUMAAA"
Lighting Products,Nightlights,,,"SEGLIGHFAMLIOACLACLG"
Eveready Batteries,Extra Duration/Super Heavy Duty,,AA,"SEGPRICFAMCAZBCZBCZBKAA"
Eveready Batteries,General Purpose,,AAA,"SEGPRICFAMCAZBCZBCZBAAA"
Eveready Batteries,General Purpose,,Other,"SEGPRICFAMCAZBCZBCZBOTH"
Lighting Products,Handsfree Lights,,,"SEGLIGHFAMLIPHFLHFLG"
Energizer Batteries,Energizer Max,,9v,"SEGPREMFAMPABPRAPRAUM9V"
Eveready Batteries,General Purpose,,AA,"SEGPRICFAMCAZBCZBCZBAA"
Lighting Products,Kids Lights,,,"SEGLIGHFAMLIPDISDISL"
Energizer Batteries,Advanced Lithium,,AAA,"SEGPERFFAMLIMLIALIAAAA"
Eveready Batteries,Eveready Gold,,9v,"SEGPRICFAMBVAEVEEVE9V"
Eveready Batteries,General Purpose,,6v,"SEGPRICFAMCAZBCZBCZB6V"
Energizer Batteries,Ultimate Lithium,,9v,"SEGPERFFAMLIMLITLIT9V"
Lighting Products,Handheld Lights,,,"SEGLIGHFAMLIPHLIHLIG"
Eveready Batteries,Eveready Gold,,AAA,"SEGPRICFAMBVAEVEEVEAAA"
Lighting Products,Area Lights,,,"SEGLIGHFAMLIPALIALIG"
Eveready Batteries,Heavy Duty,,9v,"SEGPRICFAMCAZBCZBCZR9V"
Rechargeable,Batteries,,,"SEGPERFFAMRECRECRECHARGE"
Energizer Batteries,Energizer Max,,C,"SEGPREMFAMPABPRAPRAUMC"
Eveready Batteries,Heavy Duty,,AA,"SEGPRICFAMCAZBCZBCZRAA"
Energizer Batteries,Energizer Max,,D,"SEGPREMFAMPABPRAPRAUMD"
Eveready Batteries,Extra Duration/Super Heavy Duty,,AAA,"SEGPRICFAMCAZBCZBCZBKAAA"
Specialty Batteries,Watch Batteries,,,"SEGSPECFAMMBAMPWMPWA"
Eveready Batteries,Eveready Silver,,9v,"SEGPRICFAMBVAOBAOBACN9V"
Eveready Batteries,Extra Duration/Super Heavy Duty,,9v,"SEGPRICFAMCAZBCZBCZBK9V"
Eveready Batteries,General Purpose,,9v,"SEGPRICFAMCAZBCZBCZB9V"
Energizer Batteries,Advanced Lithium,,9v,"SEGPERFFAMLIMLIALIA9V"
Eveready Batteries,Eveready Gold,,AA,"SEGPRICFAMBVAEVEEVEAA"
Eveready Batteries,Eveready Silver,,D,"SEGPRICFAMBVAOBAOBACND"
Energizer Batteries,Eco Advanced,,AA,"SEGPERFFAMPEAPMPPMPAA"
Eveready Batteries,Eveready Silver,,C,"SEGPRICFAMBVAOBAOBACNC"
Energizer Batteries,Energizer Max,,AA,"SEGPREMFAMPABPRAPRAUMAA"
Eveready Batteries,Heavy Duty,,D,"SEGPRICFAMCAZBCZBCZRD"
Eveready Batteries,Heavy Duty,,C,"SEGPRICFAMCAZBCZBCZRC"
Eveready Batteries,Eveready Silver,,Other,"SEGPRICFAMBVAOBAOBAOTH"
Eveready Batteries,Extra Duration/Super Heavy Duty,,6v,"SEGPRICFAMCAZBCZBCZBK6V"
Energizer Batteries,Ultimate Lithium,,AA,"SEGPERFFAMLIMLITLITAA"
Lighting Products,Spot Lights,,,"SEGLIGHFAMLIPSPLSPLG"
Specialty Batteries,Hearing Aid Batteries,,,"SEGSPECFAMMBAAIDAIDR,SEGSPECFAMMBAMPHMPHA"
Energizer Batteries,Eco Advanced,,AAA,"SEGPERFFAMPEAPMPPMPAAA"
Eveready Batteries,Eveready Silver,,AA,"SEGPRICFAMBVAOBAOBAAA,SEGPRICFAMBVAOBAOBACNAA"
