Feminine Care,Stayfree,Stayfree,Pads,"SEGFEMIFAMSTAYSTFSTF1,SEGFEMIFAMSTAYSTFSTF2,SEGFEMIFAMSTAYSTFSTF3,SEGFEMIFAMSTAYSTFSTF_DEFAULT"
Infant Care,Playtex,Cups & Mealtime,,"SEGINFAFAMCAMCAMCAMC,SEGINFAFAMCAMCAMCAMM,SEGINFAFAMCAMCAMCAMRV"
Sun Care,Banana Boat,,,"SEGSUNFAMBBTBBTBBTAFTER,SEGSUNFAMBBTBBTBBTF2OZ,SEGSUNFAMBBTBBTBBTFACE,SEGSUNFAMBBTBBTBBTL014,SEGSUNFAMBBTBBTBBTL50P,SEGSUNFAMBBTBBTBBTLCL,SEGSUNFAMBBTBBTBBTLIP,SEGSUNFAMBBTBBTBBTLO15,SEGSUNFAMBBTBBTBBTLO30,SEGSUNFAMBBTBBTBBTLO50,SEGSUNFAMBBTBBTBBTLOB,SEGSUNFAMBBTBBTBBTLOFA,SEGSUNFAMBBTBBTBBTLOTP,SEGSUNFAMBBTBBTBBTS014,SEGSUNFAMBBTBBTBBTS15,SEGSUNFAMBBTBBTBBTS30,SEGSUNFAMBBTBBTBBTS50,SEGSUNFAMBBTBBTBBTS50P,SEGSUNFAMBBTBBTBBTSCL,SEGSUNFAMBBTBBTBBTSFA,SEGSUNFAMBBTBBTBBTSPRB,SEGSUNFAMBBTBBTBBTSPTP,SEGSUNFAMBBTBBTBBTSTIC,SEGSUNFAMBBTBBTBBTSU,SEGSUNFAMBBTBBTBBTTRIAL,SEGSUNFAMBBTBBTBBT_DEFAULT"
Infant Care,Playtex,Ortho Pro,,"SEGINFAFAMSTHSTHSTHORP"
Feminine Care,Playtex,Sport,Pads,"SEGFEMIFAMSPRSPRSPR1X,SEGFEMIFAMSPRSPRSPR2X"
Infant Care,Playtex,Drop-ins,,"SEGINFAFAMBOTBOTBOTNWDB,SEGINFAFAMBOTBOTBOTNWDGS,SEGINFAFAMBOTREFREFNWDR"
Shaving,Schick,Protect,Shave Prep,"SEGTOILFAMSHPLSPLSPREP"
Shaving,Schick,Exacta 2/Slim Twin,Disposable,"SEGDISPFAMSTDSTRSTR10PK,SEGDISPFAMSTDSTRSTR12PK,SEGDISPFAMSTDSTRSTR15PK,SEGDISPFAMSTDSTRSTR18PK,SEGDISPFAMSTDSTRSTR1PK,SEGDISPFAMSTDSTRSTR24PK,SEGDISPFAMSTDSTRSTR2PK,SEGDISPFAMSTDSTRSTR3PK,SEGDISPFAMSTDSTRSTR4PK,SEGDISPFAMSTDSTRSTR5PK,SEGDISPFAMSTDSTRSTR6PK,SEGDISPFAMSTDSTRSTR7PK,SEGDISPFAMSTDSTRSTR8PK,SEGDISPFAMSTDSTRSTROTH"
Infant Care,Playtex,VentAire,,"SEGINFAFAMBOTBOTBOTVAB,SEGINFAFAMBOTBOTBOTVAGS,SEGINFAFAMBOTBOTNIPVAN,SEGINFAFAMBOTBTOBTOVAT,SEGINFAFAMBOTRBTRBTVAGS"
Shaving,Schick,Hydro,Mens System,"SEGMENSFAMHYDMTRMTRZ,SEGMENSFAMHYDMTRMTRZSP,SEGMENSFAMHYDSRBSRB34PK,SEGMENSFAMHYDSRBSRB35PK,SEGMENSFAMHYDSRBSRB38PK,SEGMENSFAMHYDSRBSRB3OTH,SEGMENSFAMHYDSRBSRB510PK,SEGMENSFAMHYDSRBSRB512PK,SEGMENSFAMHYDSRBSRB515PK,SEGMENSFAMHYDSRBSRB52PK,SEGMENSFAMHYDSRBSRB54PK,SEGMENSFAMHYDSRBSRB55PK,SEGMENSFAMHYDSRBSRB56PK,SEGMENSFAMHYDSRBSRB58PK,SEGMENSFAMHYDSRBSRB5OTH,SEGMENSFAMHYDSRRSAR,SEGMENSFAMHYDSRRSARSP,SEGMENSFAMHYDSRRSRB3OTH,SEGMENSFAMHYDSRRSRRZ,SEGMENSFAMHYDSRRSRRZSP"
Feminine Care,Playtex,Gentle Glide,Tampons,"SEGFEMIFAMGGTGGTGGT1X,SEGFEMIFAMGGTGGTGGT2X,SEGFEMIFAMGGTGGTGGT3X,SEGFEMIFAMGGTGGTGGTB,SEGFEMIFAMGGTGGTGGTOT"
Feminine Care,Carefree,Carefree,Liners,"SEGFEMIFAMCARECRFCRF1,SEGFEMIFAMCARECRFCRF2,SEGFEMIFAMCARECRFCRF3"
Infant Care,Playtex,Drop-ins / VentAire,,"SEGINFAFAMBOTNIPNIPNWDN,SEGINFAFAMBOTNIPNIPVAN"
Shaving,Edge,Edge,Shave Prep,"SEGTOILFAMESPEDCEDC7OZ,SEGTOILFAMESPEDCEDC84OZ,SEGTOILFAMESPEDCEDC95OZ,SEGTOILFAMESPEDCEDCAO,SEGTOILFAMESPEDCEDCB,SEGTOILFAMESPEDCEDCTR,SEGTOILFAMESPEDCEDCTRIAL,SEGTOILFAMESPEDCEDCTW"
Shaving,Skintimate,Skintimate,Shave Prep,"SEGTOILFAMSKISKSSKS10OZC,SEGTOILFAMSKISKSSKS7OZ,SEGTOILFAMSKISKSSKS84OZ,SEGTOILFAMSKISKSSKS95OZ,SEGTOILFAMSKISKSSKSAO,SEGTOILFAMSKISKSSKSCREME,SEGTOILFAMSKISKSSKSQU,SEGTOILFAMSKISKSSKSTR,SEGTOILFAMSKISKSSKSTRIAL,SEGTOILFAMSKISKSSKSTW"
Shaving,Schick,Quattro,Disposable,"SEGDISPFAMQTDQUDQUD1PK,SEGDISPFAMQTDQUDQUD3PK,SEGDISPFAMQTDQUDQUD4PK,SEGDISPFAMQTDQUDQUDOTH"
Shaving,Schick,Lady Protect,Womens System,"SEGWMNSFAMOFSLPBLPBL,SEGWMNSFAMOFSLPRLPRZ"
Skin Care,Personal Cleansing Clothes,,,"SEGSKINFAMCLNCLCCLCPCC"
Infant Care,Playtex,Binky,,"SEGINFAFAMSTHSTHSTHBINK"
Feminine Care,Playtex,Sport,Combo,"SEGFEMIFAMSPRSPRSPOTLC,SEGFEMIFAMSPRSPRSPRTPC,SEGFEMIFAMSPTSPTSPTTLC,SEGFEMIFAMSPTSPTSPTTPC"
Shaving,Schick,Quattro,Womens System,"SEGWMNSFAMQFWSEBSEB12PK,SEGWMNSFAMQFWSEBSEB4PK,SEGWMNSFAMQFWSEBSEB6PK,SEGWMNSFAMQFWSEBSEB8PK,SEGWMNSFAMQFWSEBSEBOTH,SEGWMNSFAMQFWSEBSERZ,SEGWMNSFAMQFWSERSERZ,SEGWMNSFAMQFWSERSERZSP,SEGWMNSFAMQFWTWRTWRT"
Feminine Care,Playtex,Sport,Tampons,"SEGFEMIFAMSPTSPTSPT1X,SEGFEMIFAMSPTSPTSPT2X,SEGFEMIFAMSPTSPTSPT3X,SEGFEMIFAMSPTSPTSPTBO,SEGFEMIFAMSPTSPTSPTOT"
Feminine Care,o.b.,o.b.,Tampons,"SEGFEMIFAMOBTOBTOB1,SEGFEMIFAMOBTOBTOB2,SEGFEMIFAMOBTOBTOBO"
Feminine Care,Playtex,Sport,Liners,"SEGFEMIFAMSPOSPOSPO1X,SEGFEMIFAMSPOSPOSPO2X"
Shaving,Schick,Hydro,Disposable,"SEGDISPFAMHDDHDDHDD1PK,SEGDISPFAMHDDHDDHDD3PK,SEGDISPFAMHDDHDDHDD4PK,SEGDISPFAMHDDHDDHDD6PK,SEGDISPFAMHDDHDDHDDOTH"
Shaving,Schick,Other,Mens System,"SEGMENSFAMOMSOMBOMBL,SEGMENSFAMOMSOMROMRZ"
Shaving,Schick,Intuition,Womens System,"SEGWMNSFAMINTIPBIPB12PK,SEGWMNSFAMINTIPBIPB2PK,SEGWMNSFAMINTIPBIPB3PK,SEGWMNSFAMINTIPBIPB4PK,SEGWMNSFAMINTIPBIPB6PK,SEGWMNSFAMINTIPBIPBOTH,SEGWMNSFAMINTIPRIPRZ,SEGWMNSFAMINTIPRIPRZSP"
Infant Care,Playtex,Diaper Genie,,"SEGINFAFAMDIPDGADGAS,SEGINFAFAMDIPDGPDGPE,SEGINFAFAMDIPDGPDGPEL,SEGINFAFAMDIPDGPDGPM,SEGINFAFAMDIPDGRDGRF,SEGINFAFAMDIPDPGDPGR"
Shaving,Edge,Edge,Mens System,"SEGMENSFAMOMSEBLEBL16PK,SEGMENSFAMOMSEBLEBL4PK,SEGMENSFAMOMSERZERZZ,SEGMENSFAMOMSERZERZZSP"
Infant Care,Playtex,Holder,,"SEGINFAFAMSTHSTHSTHHOLD"
Shaving,Schick,Quattro,Mens System,"SEGMENSFAMQUAQCRQCRT,SEGMENSFAMQUAQCRQCRTSP,SEGMENSFAMQUAQSBQSB16PK,SEGMENSFAMQUAQSBQSB4PK,SEGMENSFAMQUAQSBQSB6PK,SEGMENSFAMQUAQSBQSB8PK,SEGMENSFAMQUAQSBQSBFMB,SEGMENSFAMQUAQSBQSBT12PK,SEGMENSFAMQUAQSBQSBT4PK,SEGMENSFAMQUAQSBQSBT6PK,SEGMENSFAMQUAQSBQSBT8PK,SEGMENSFAMQUAQSBQSBTOTH,SEGMENSFAMQUAQSBQUBOTH,SEGMENSFAMQUAQSRQSRPR,SEGMENSFAMQUAQSRQSRPRSP,SEGMENSFAMQUAQSRQSRR,SEGMENSFAMQUAQSRQSRRSP,SEGMENSFAMQUAQSRQSRZT,SEGMENSFAMQUAQSRQSRZTSP"
Shaving,Schick,Hydro,Womens System,"SEGWMNSFAM3OROWBOWB2PK,SEGWMNSFAM3OROWBOWB3PK,SEGWMNSFAM3OROWBOWB4PK,SEGWMNSFAM3OROWBOWB5PK,SEGWMNSFAM3OROWBOWB6PK,SEGWMNSFAM3OROWBOWBOTH,SEGWMNSFAM3OROWROWRZ,SEGWMNSFAM3OROWROWRZSP,SEGWMNSFAM3OROWTOWTT"
Shaving,Schick,Xtreme 3,Disposable,"SEGDISPFAMX3DDXRDXR10PK,SEGDISPFAMX3DDXRDXR16PK,SEGDISPFAMX3DDXRDXR1PK,SEGDISPFAMX3DDXRDXR20PK,SEGDISPFAMX3DDXRDXR22PK,SEGDISPFAMX3DDXRDXR24PK,SEGDISPFAMX3DDXRDXR3PK,SEGDISPFAMX3DDXRDXR4PK,SEGDISPFAMX3DDXRDXR6PK,SEGDISPFAMX3DDXRDXR8PK,SEGDISPFAMX3DDXRDXROTH,SEGDISPFAMX3DDXRDXRU4PK"
Skin Care,Wet Ones,,,"SEGSKINFAMWETWOHWOHB,SEGSKINFAMWETWOHWOHBIGO,SEGSKINFAMWETWOHWOHBULK,SEGSKINFAMWETWOHWOHC,SEGSKINFAMWETWOHWOHOTH,SEGSKINFAMWETWOHWOHS,SEGSKINFAMWETWOHWOHTR,SEGSKINFAMWETWOHWOH_DEFAULT"
Shaving,Schick,Hydro,Shave Prep,"SEGTOILFAMJUPJPGJPGGEL,SEGTOILFAMJUPJPGJPGTRIAL"
Skin Care,Playtex,Playtex,Gloves,"SEGSKINFAMGLVGLOGLOHS,SEGSKINFAMGLVGLOGLOL,SEGSKINFAMGLVGLOGLOOT"
Sun Care,Hawaiian Tropic,,,"SEGSUNFAMHTRHTRHTRAFTER,SEGSUNFAMHTRHTRHTRF2OZ,SEGSUNFAMHTRHTRHTRFACE,SEGSUNFAMHTRHTRHTRL014,SEGSUNFAMHTRHTRHTRL1549,SEGSUNFAMHTRHTRHTRL50P,SEGSUNFAMHTRHTRHTRLCL,SEGSUNFAMHTRHTRHTRLIP,SEGSUNFAMHTRHTRHTRLOB,SEGSUNFAMHTRHTRHTRLOFA,SEGSUNFAMHTRHTRHTRLOTP,SEGSUNFAMHTRHTRHTROS0,SEGSUNFAMHTRHTRHTROS10,SEGSUNFAMHTRHTRHTROS15,SEGSUNFAMHTRHTRHTROS2,SEGSUNFAMHTRHTRHTROS20,SEGSUNFAMHTRHTRHTROS4,SEGSUNFAMHTRHTRHTROS6,SEGSUNFAMHTRHTRHTROS8,SEGSUNFAMHTRHTRHTRS014,SEGSUNFAMHTRHTRHTRS1549,SEGSUNFAMHTRHTRHTRS50P,SEGSUNFAMHTRHTRHTRSCL,SEGSUNFAMHTRHTRHTRSHST,SEGSUNFAMHTRHTRHTRSPRB,SEGSUNFAMHTRHTRHTRSTIC,SEGSUNFAMHTRHTRHTRSTP,SEGSUNFAMHTRHTRHTRSU,SEGSUNFAMHTRHTRHTRTRIAL,SEGSUNFAMHTRHTRHTR_DEFAULT"
Shaving,Schick,Other,Disposable,"SEGDISPFAMODIODRODRD,SEGDISPFAMODIPROPROD"
Shaving,Schick,Double Edge,Double Edge,"SEGDISPFAMODIDUPDUPD"
Shaving,Schick,Xtreme 3,Mens System,"SEGMENSFAMOMSX3BX3BL,SEGMENSFAMOMSX3RX3RZ"
Infant Care,Playtex,Accessories,,"SEGINFAFAMIACIFAIFAC"
